Title,Rating,Reviews,Phone Number,Link
کے ایف سی,4.0,"6,220",(042) 111 532 532,https://www.google.com/maps/place/%DA%A9%DB%92+%D8%A7%DB%8C%D9%81+%D8%B3%DB%8C%E2%80%AD/data=!4m7!3m6!1s0x39190170da6e194b:0x777c3ff4c710b1d1!8m2!3d31.450731!4d74.270982!16s%2Fg%2F11rxdsbpy!19sChIJSxlu2nABGTkR0bEQx_Q_fHc?authuser=0&hl=en&rclk=1
Lahori Restaurant,4.0,"3,579",+92 42 111 532 532,https://www.google.com/maps/place/Lahori+Restaurant/data=!4m7!3m6!1s0x3919005d76ecd1eb:0xc91fffa2f0e2b193!8m2!3d31.3971721!4d74.2558912!16s%2Fg%2F11g8whzlf6!19sChIJ69Hsdl0AGTkRk7Hi8KL_H8k?authuser=0&hl=en&rclk=1
"Flavor Grill Restaurant :Serving the best ,BBQ, Pakistani Gravy, Chinese food, Fast Food & Pizza in Valencia town lahore.",4.6,410,+92 42 111 532 532,"https://www.google.com/maps/place/Flavor+Grill+Restaurant+:Serving+the+best+,BBQ,+Pakistani+Gravy,+Chinese+food,+Fast+Food+%26+Pizza+in+Valencia+town+lahore./data=!4m7!3m6!1s0x39190136f0f94a0f:0x9bef6dc92a119a8e!8m2!3d31.3952273!4d74.25924!16s%2Fg%2F11mq0fqfh5!19sChIJD0r58DYBGTkRjpoRKslt75s?authuser=0&hl=en&rclk=1"
Zē Grill - Valencia Town,3.9,"1,546",+92 305 9157911,https://www.google.com/maps/place/Z%C4%93+Grill+-+Valencia+Town/data=!4m7!3m6!1s0x391900570db2d4e7:0xc573b287bded5c76!8m2!3d31.4097531!4d74.2612833!16s%2Fg%2F11xk6gf91!19sChIJ59SyDVcAGTkRdlztvYeyc8U?authuser=0&hl=en&rclk=1
Muncheese,4.1,401,+92 42 35210652,https://www.google.com/maps/place/Muncheese/data=!4m7!3m6!1s0x3919005be2f5c2d1:0x1540964c9f05041f!8m2!3d31.402946!4d74.2589032!16s%2Fg%2F11g8bh823l!19sChIJ0cL14lsAGTkRHwQFn0yWQBU?authuser=0&hl=en&rclk=1
Texas Chicken,3.9,454,+92 335 1628951,https://www.google.com/maps/place/Texas+Chicken/data=!4m7!3m6!1s0x3919011e30e977b9:0x641cf8dc10367f74!8m2!3d31.4023125!4d74.2605625!16s%2Fg%2F11lf_ggz_x!19sChIJuXfpMB4BGTkRdH82ENz4HGQ?authuser=0&hl=en&rclk=1
Al Faisal Family Restaurant,4.1,618,+92 330 3096555,https://www.google.com/maps/place/Al+Faisal+Family+Restaurant/data=!4m7!3m6!1s0x3919005242ea0d7b:0x5c9dfe5009a23238!8m2!3d31.4147372!4d74.2547825!16s%2Fg%2F11c381p565!19sChIJew3qQlIAGTkRODKiCVD-nVw?authuser=0&hl=en&rclk=1
Flavour Junction,4.7,18,+92 42 35224020,https://www.google.com/maps/place/Flavour+Junction/data=!4m7!3m6!1s0x391901741c48c735:0xa78545c65d58f79!8m2!3d31.4028587!4d74.2579949!16s%2Fg%2F11vfbl2wy7!19sChIJNcdIHHQBGTkReY_VZVxUeAo?authuser=0&hl=en&rclk=1
Burgeezza,4.5,266,+92 42 35224020,https://www.google.com/maps/place/Burgeezza/data=!4m7!3m6!1s0x39190112536e1463:0x22e584e1e9f634d0!8m2!3d31.4031191!4d74.2588606!16s%2Fg%2F11sd47yt4v!19sChIJYxRuUxIBGTkR0DT26eGE5SI?authuser=0&hl=en&rclk=1
